#            Cell,              Row,           Column,     Xcenter (cm),     Ycenter (cm)
               0,                0,                0,          -56.469,         -140.442
               1,                0,                1,          -52.177,         -140.442
               2,                0,                2,          -47.884,         -140.442
               3,                0,                3,          -43.366,         -140.442
               4,                0,                4,          -39.073,         -140.442
               5,                0,                5,          -34.781,         -140.442
               6,                0,                6,          -30.262,         -140.442
               7,                0,                7,          -25.970,         -140.442
               8,                0,                8,          -21.677,         -140.442
               9,                0,                9,          -17.159,         -140.442
              10,                0,               10,          -12.866,         -140.442
              11,                0,               11,           -8.574,         -140.442
              12,                1,                0,          -56.469,         -136.149
              13,                1,                1,          -52.177,         -136.149
              14,                1,                2,          -47.884,         -136.149
              15,                1,                3,          -43.366,         -136.149
              16,                1,                4,          -39.073,         -136.149
              17,                1,                5,          -34.781,         -136.149
              18,                1,                6,          -30.262,         -136.149
              19,                1,                7,          -25.970,         -136.149
              20,                1,                8,          -21.677,         -136.149
              21,                1,                9,          -17.159,         -136.149
              22,                1,               10,          -12.866,         -136.149
              23,                1,               11,           -8.574,         -136.149
              24,                2,                0,          -56.469,         -131.857
              25,                2,                1,          -52.177,         -131.857
              26,                2,                2,          -47.884,         -131.857
              27,                2,                3,          -43.366,         -131.857
              28,                2,                4,          -39.073,         -131.857
              29,                2,                5,          -34.781,         -131.857
              30,                2,                6,          -30.262,         -131.857
              31,                2,                7,          -25.970,         -131.857
              32,                2,                8,          -21.677,         -131.857
              33,                2,                9,          -17.159,         -131.857
              34,                2,               10,          -12.866,         -131.857
              35,                2,               11,           -8.574,         -131.857
              36,                3,                0,          -52.349,         -127.401
              37,                3,                1,          -48.057,         -127.401
              38,                3,                2,          -43.764,         -127.401
              39,                3,                3,          -39.246,         -127.401
              40,                3,                4,          -34.953,         -127.401
              41,                3,                5,          -30.661,         -127.401
              42,                3,                6,          -26.142,         -127.401
              43,                3,                7,          -21.850,         -127.401
              44,                3,                8,          -17.557,         -127.401
              45,                3,                9,          -13.039,         -127.401
              46,                3,               10,           -8.746,         -127.401
              47,                3,               11,           -4.454,         -127.401
              48,                3,               12,            0.065,         -127.401
              49,                3,               13,            4.357,         -127.401
              50,                3,               14,            8.650,         -127.401
              51,                3,               15,           13.168,         -127.401
              52,                3,               16,           17.461,         -127.401
              53,                3,               17,           21.754,         -127.401
              54,                4,                0,          -52.349,         -123.109
              55,                4,                1,          -48.057,         -123.109
              56,                4,                2,          -43.764,         -123.109
              57,                4,                3,          -39.246,         -123.109
              58,                4,                4,          -34.953,         -123.109
              59,                4,                5,          -30.661,         -123.109
              60,                4,                6,          -26.142,         -123.109
              61,                4,                7,          -21.850,         -123.109
              62,                4,                8,          -17.557,         -123.109
              63,                4,                9,          -13.039,         -123.109
              64,                4,               10,           -8.746,         -123.109
              65,                4,               11,           -4.454,         -123.109
              66,                4,               12,            0.065,         -123.109
              67,                4,               13,            4.357,         -123.109
              68,                4,               14,            8.650,         -123.109
              69,                4,               15,           13.168,         -123.109
              70,                4,               16,           17.461,         -123.109
              71,                4,               17,           21.754,         -123.109
              72,                5,                0,          -52.349,         -118.816
              73,                5,                1,          -48.057,         -118.816
              74,                5,                2,          -43.764,         -118.816
              75,                5,                3,          -39.246,         -118.816
              76,                5,                4,          -34.953,         -118.816
              77,                5,                5,          -30.661,         -118.816
              78,                5,                6,          -26.142,         -118.816
              79,                5,                7,          -21.850,         -118.816
              80,                5,                8,          -17.557,         -118.816
              81,                5,                9,          -13.039,         -118.816
              82,                5,               10,           -8.746,         -118.816
              83,                5,               11,           -4.454,         -118.816
              84,                5,               12,            0.065,         -118.816
              85,                5,               13,            4.357,         -118.816
              86,                5,               14,            8.650,         -118.816
              87,                5,               15,           13.168,         -118.816
              88,                5,               16,           17.461,         -118.816
              89,                5,               17,           21.754,         -118.816
              90,                6,                0,          -56.469,         -114.361
              91,                6,                1,          -52.177,         -114.361
              92,                6,                2,          -47.884,         -114.361
              93,                6,                3,          -43.366,         -114.361
              94,                6,                4,          -39.073,         -114.361
              95,                6,                5,          -34.781,         -114.361
              96,                6,                6,          -30.262,         -114.361
              97,                6,                7,          -25.970,         -114.361
              98,                6,                8,          -21.677,         -114.361
              99,                6,                9,          -17.159,         -114.361
             100,                6,               10,          -12.866,         -114.361
             101,                6,               11,           -8.574,         -114.361
             102,                6,               12,           -4.055,         -114.361
             103,                6,               13,            0.237,         -114.361
             104,                6,               14,            4.530,         -114.361
             105,                6,               15,            9.048,         -114.361
             106,                6,               16,           13.341,         -114.361
             107,                6,               17,           17.634,         -114.361
             108,                6,               18,           22.152,         -114.361
             109,                6,               19,           26.445,         -114.361
             110,                6,               20,           30.737,         -114.361
             111,                7,                0,          -56.469,         -110.068
             112,                7,                1,          -52.177,         -110.068
             113,                7,                2,          -47.884,         -110.068
             114,                7,                3,          -43.366,         -110.068
             115,                7,                4,          -39.073,         -110.068
             116,                7,                5,          -34.781,         -110.068
             117,                7,                6,          -30.262,         -110.068
             118,                7,                7,          -25.970,         -110.068
             119,                7,                8,          -21.677,         -110.068
             120,                7,                9,          -17.159,         -110.068
             121,                7,               10,          -12.866,         -110.068
             122,                7,               11,           -8.574,         -110.068
             123,                7,               12,           -4.055,         -110.068
             124,                7,               13,            0.237,         -110.068
             125,                7,               14,            4.530,         -110.068
             126,                7,               15,            9.048,         -110.068
             127,                7,               16,           13.341,         -110.068
             128,                7,               17,           17.634,         -110.068
             129,                7,               18,           22.152,         -110.068
             130,                7,               19,           26.445,         -110.068
             131,                7,               20,           30.737,         -110.068
             132,                8,                0,          -56.469,         -105.776
             133,                8,                1,          -52.177,         -105.776
             134,                8,                2,          -47.884,         -105.776
             135,                8,                3,          -43.366,         -105.776
             136,                8,                4,          -39.073,         -105.776
             137,                8,                5,          -34.781,         -105.776
             138,                8,                6,          -30.262,         -105.776
             139,                8,                7,          -25.970,         -105.776
             140,                8,                8,          -21.677,         -105.776
             141,                8,                9,          -17.159,         -105.776
             142,                8,               10,          -12.866,         -105.776
             143,                8,               11,           -8.574,         -105.776
             144,                8,               12,           -4.055,         -105.776
             145,                8,               13,            0.237,         -105.776
             146,                8,               14,            4.530,         -105.776
             147,                8,               15,            9.048,         -105.776
             148,                8,               16,           13.341,         -105.776
             149,                8,               17,           17.634,         -105.776
             150,                8,               18,           22.152,         -105.776
             151,                8,               19,           26.445,         -105.776
             152,                8,               20,           30.737,         -105.776
             153,                9,                0,          -52.349,         -101.321
             154,                9,                1,          -48.057,         -101.321
             155,                9,                2,          -43.764,         -101.321
             156,                9,                3,          -39.246,         -101.321
             157,                9,                4,          -34.953,         -101.321
             158,                9,                5,          -30.661,         -101.321
             159,                9,                6,          -26.142,         -101.321
             160,                9,                7,          -21.850,         -101.321
             161,                9,                8,          -17.557,         -101.321
             162,                9,                9,          -13.039,         -101.321
             163,                9,               10,           -8.746,         -101.321
             164,                9,               11,           -4.454,         -101.321
             165,                9,               12,            0.065,         -101.321
             166,                9,               13,            4.357,         -101.321
             167,                9,               14,            8.650,         -101.321
             168,                9,               15,           13.168,         -101.321
             169,                9,               16,           17.461,         -101.321
             170,                9,               17,           21.754,         -101.321
             171,                9,               18,           26.272,         -101.321
             172,                9,               19,           30.565,         -101.321
             173,                9,               20,           34.857,         -101.321
             174,               10,                0,          -52.349,          -97.028
             175,               10,                1,          -48.057,          -97.028
             176,               10,                2,          -43.764,          -97.028
             177,               10,                3,          -39.246,          -97.028
             178,               10,                4,          -34.953,          -97.028
             179,               10,                5,          -30.661,          -97.028
             180,               10,                6,          -26.142,          -97.028
             181,               10,                7,          -21.850,          -97.028
             182,               10,                8,          -17.557,          -97.028
             183,               10,                9,          -13.039,          -97.028
             184,               10,               10,           -8.746,          -97.028
             185,               10,               11,           -4.454,          -97.028
             186,               10,               12,            0.065,          -97.028
             187,               10,               13,            4.357,          -97.028
             188,               10,               14,            8.650,          -97.028
             189,               10,               15,           13.168,          -97.028
             190,               10,               16,           17.461,          -97.028
             191,               10,               17,           21.754,          -97.028
             192,               10,               18,           26.272,          -97.028
             193,               10,               19,           30.565,          -97.028
             194,               10,               20,           34.857,          -97.028
             195,               11,                0,          -52.349,          -92.735
             196,               11,                1,          -48.057,          -92.735
             197,               11,                2,          -43.764,          -92.735
             198,               11,                3,          -39.246,          -92.735
             199,               11,                4,          -34.953,          -92.735
             200,               11,                5,          -30.661,          -92.735
             201,               11,                6,          -26.142,          -92.735
             202,               11,                7,          -21.850,          -92.735
             203,               11,                8,          -17.557,          -92.735
             204,               11,                9,          -13.039,          -92.735
             205,               11,               10,           -8.746,          -92.735
             206,               11,               11,           -4.454,          -92.735
             207,               11,               12,            0.065,          -92.735
             208,               11,               13,            4.357,          -92.735
             209,               11,               14,            8.650,          -92.735
             210,               11,               15,           13.168,          -92.735
             211,               11,               16,           17.461,          -92.735
             212,               11,               17,           21.754,          -92.735
             213,               11,               18,           26.272,          -92.735
             214,               11,               19,           30.565,          -92.735
             215,               11,               20,           34.857,          -92.735
             216,               12,                0,          -56.629,          -88.280
             217,               12,                1,          -52.337,          -88.280
             218,               12,                2,          -48.044,          -88.280
             219,               12,                3,          -43.526,          -88.280
             220,               12,                4,          -39.233,          -88.280
             221,               12,                5,          -34.941,          -88.280
             222,               12,                6,          -30.422,          -88.280
             223,               12,                7,          -26.130,          -88.280
             224,               12,                8,          -21.837,          -88.280
             225,               12,                9,          -17.319,          -88.280
             226,               12,               10,          -13.026,          -88.280
             227,               12,               11,           -8.734,          -88.280
             228,               12,               12,           -4.215,          -88.280
             229,               12,               13,            0.077,          -88.280
             230,               12,               14,            4.370,          -88.280
             231,               12,               15,            8.888,          -88.280
             232,               12,               16,           13.181,          -88.280
             233,               12,               17,           17.474,          -88.280
             234,               12,               18,           21.992,          -88.280
             235,               12,               19,           26.285,          -88.280
             236,               12,               20,           30.577,          -88.280
             237,               12,               21,           35.096,          -88.280
             238,               12,               22,           39.388,          -88.280
             239,               12,               23,           43.681,          -88.280
             240,               13,                0,          -56.629,          -83.988
             241,               13,                1,          -52.337,          -83.988
             242,               13,                2,          -48.044,          -83.988
             243,               13,                3,          -43.526,          -83.988
             244,               13,                4,          -39.233,          -83.988
             245,               13,                5,          -34.941,          -83.988
             246,               13,                6,          -30.422,          -83.988
             247,               13,                7,          -26.130,          -83.988
             248,               13,                8,          -21.837,          -83.988
             249,               13,                9,          -17.319,          -83.988
             250,               13,               10,          -13.026,          -83.988
             251,               13,               11,           -8.734,          -83.988
             252,               13,               12,           -4.215,          -83.988
             253,               13,               13,            0.077,          -83.988
             254,               13,               14,            4.370,          -83.988
             255,               13,               15,            8.888,          -83.988
             256,               13,               16,           13.181,          -83.988
             257,               13,               17,           17.474,          -83.988
             258,               13,               18,           21.992,          -83.988
             259,               13,               19,           26.285,          -83.988
             260,               13,               20,           30.577,          -83.988
             261,               13,               21,           35.096,          -83.988
             262,               13,               22,           39.388,          -83.988
             263,               13,               23,           43.681,          -83.988
             264,               14,                0,          -56.629,          -79.695
             265,               14,                1,          -52.337,          -79.695
             266,               14,                2,          -48.044,          -79.695
             267,               14,                3,          -43.526,          -79.695
             268,               14,                4,          -39.233,          -79.695
             269,               14,                5,          -34.941,          -79.695
             270,               14,                6,          -30.422,          -79.695
             271,               14,                7,          -26.130,          -79.695
             272,               14,                8,          -21.837,          -79.695
             273,               14,                9,          -17.319,          -79.695
             274,               14,               10,          -13.026,          -79.695
             275,               14,               11,           -8.734,          -79.695
             276,               14,               12,           -4.215,          -79.695
             277,               14,               13,            0.077,          -79.695
             278,               14,               14,            4.370,          -79.695
             279,               14,               15,            8.888,          -79.695
             280,               14,               16,           13.181,          -79.695
             281,               14,               17,           17.474,          -79.695
             282,               14,               18,           21.992,          -79.695
             283,               14,               19,           26.285,          -79.695
             284,               14,               20,           30.577,          -79.695
             285,               14,               21,           35.096,          -79.695
             286,               14,               22,           39.388,          -79.695
             287,               14,               23,           43.681,          -79.695
             288,               15,                0,          -50.609,          -75.240
             289,               15,                1,          -46.317,          -75.240
             290,               15,                2,          -42.024,          -75.240
             291,               15,                3,          -37.506,          -75.240
             292,               15,                4,          -33.213,          -75.240
             293,               15,                5,          -28.921,          -75.240
             294,               15,                6,          -24.402,          -75.240
             295,               15,                7,          -20.110,          -75.240
             296,               15,                8,          -15.817,          -75.240
             297,               15,                9,          -11.299,          -75.240
             298,               15,               10,           -7.006,          -75.240
             299,               15,               11,           -2.714,          -75.240
             300,               15,               12,            1.805,          -75.240
             301,               15,               13,            6.097,          -75.240
             302,               15,               14,           10.390,          -75.240
             303,               15,               15,           14.908,          -75.240
             304,               15,               16,           19.201,          -75.240
             305,               15,               17,           23.494,          -75.240
             306,               15,               18,           28.012,          -75.240
             307,               15,               19,           32.305,          -75.240
             308,               15,               20,           36.597,          -75.240
             309,               15,               21,           41.115,          -75.240
             310,               15,               22,           45.408,          -75.240
             311,               15,               23,           49.701,          -75.240
             312,               16,                0,          -50.609,          -70.947
             313,               16,                1,          -46.317,          -70.947
             314,               16,                2,          -42.024,          -70.947
             315,               16,                3,          -37.506,          -70.947
             316,               16,                4,          -33.213,          -70.947
             317,               16,                5,          -28.921,          -70.947
             318,               16,                6,          -24.402,          -70.947
             319,               16,                7,          -20.110,          -70.947
             320,               16,                8,          -15.817,          -70.947
             321,               16,                9,          -11.299,          -70.947
             322,               16,               10,           -7.006,          -70.947
             323,               16,               11,           -2.714,          -70.947
             324,               16,               12,            1.805,          -70.947
             325,               16,               13,            6.097,          -70.947
             326,               16,               14,           10.390,          -70.947
             327,               16,               15,           14.908,          -70.947
             328,               16,               16,           19.201,          -70.947
             329,               16,               17,           23.494,          -70.947
             330,               16,               18,           28.012,          -70.947
             331,               16,               19,           32.305,          -70.947
             332,               16,               20,           36.597,          -70.947
             333,               16,               21,           41.115,          -70.947
             334,               16,               22,           45.408,          -70.947
             335,               16,               23,           49.701,          -70.947
             336,               17,                0,          -50.609,          -66.655
             337,               17,                1,          -46.317,          -66.655
             338,               17,                2,          -42.024,          -66.655
             339,               17,                3,          -37.506,          -66.655
             340,               17,                4,          -33.213,          -66.655
             341,               17,                5,          -28.921,          -66.655
             342,               17,                6,          -24.402,          -66.655
             343,               17,                7,          -20.110,          -66.655
             344,               17,                8,          -15.817,          -66.655
             345,               17,                9,          -11.299,          -66.655
             346,               17,               10,           -7.006,          -66.655
             347,               17,               11,           -2.714,          -66.655
             348,               17,               12,            1.805,          -66.655
             349,               17,               13,            6.097,          -66.655
             350,               17,               14,           10.390,          -66.655
             351,               17,               15,           14.908,          -66.655
             352,               17,               16,           19.201,          -66.655
             353,               17,               17,           23.494,          -66.655
             354,               17,               18,           28.012,          -66.655
             355,               17,               19,           32.305,          -66.655
             356,               17,               20,           36.597,          -66.655
             357,               17,               21,           41.115,          -66.655
             358,               17,               22,           45.408,          -66.655
             359,               17,               23,           49.701,          -66.655
             360,               18,                0,          -50.759,          -62.200
             361,               18,                1,          -46.467,          -62.200
             362,               18,                2,          -42.174,          -62.200
             363,               18,                3,          -37.656,          -62.200
             364,               18,                4,          -33.363,          -62.200
             365,               18,                5,          -29.071,          -62.200
             366,               18,                6,          -24.552,          -62.200
             367,               18,                7,          -20.260,          -62.200
             368,               18,                8,          -15.967,          -62.200
             369,               18,                9,          -11.449,          -62.200
             370,               18,               10,           -7.156,          -62.200
             371,               18,               11,           -2.864,          -62.200
             372,               18,               12,            1.655,          -62.200
             373,               18,               13,            5.947,          -62.200
             374,               18,               14,           10.240,          -62.200
             375,               18,               15,           14.758,          -62.200
             376,               18,               16,           19.051,          -62.200
             377,               18,               17,           23.344,          -62.200
             378,               18,               18,           27.862,          -62.200
             379,               18,               19,           32.155,          -62.200
             380,               18,               20,           36.447,          -62.200
             381,               18,               21,           40.965,          -62.200
             382,               18,               22,           45.258,          -62.200
             383,               18,               23,           49.551,          -62.200
             384,               18,               24,           54.069,          -62.200
             385,               18,               25,           58.362,          -62.200
             386,               18,               26,           62.654,          -62.200
             387,               19,                0,          -50.759,          -57.907
             388,               19,                1,          -46.467,          -57.907
             389,               19,                2,          -42.174,          -57.907
             390,               19,                3,          -37.656,          -57.907
             391,               19,                4,          -33.363,          -57.907
             392,               19,                5,          -29.071,          -57.907
             393,               19,                6,          -24.552,          -57.907
             394,               19,                7,          -20.260,          -57.907
             395,               19,                8,          -15.967,          -57.907
             396,               19,                9,          -11.449,          -57.907
             397,               19,               10,           -7.156,          -57.907
             398,               19,               11,           -2.864,          -57.907
             399,               19,               12,            1.655,          -57.907
             400,               19,               13,            5.947,          -57.907
             401,               19,               14,           10.240,          -57.907
             402,               19,               15,           14.758,          -57.907
             403,               19,               16,           19.051,          -57.907
             404,               19,               17,           23.344,          -57.907
             405,               19,               18,           27.862,          -57.907
             406,               19,               19,           32.155,          -57.907
             407,               19,               20,           36.447,          -57.907
             408,               19,               21,           40.965,          -57.907
             409,               19,               22,           45.258,          -57.907
             410,               19,               23,           49.551,          -57.907
             411,               19,               24,           54.069,          -57.907
             412,               19,               25,           58.362,          -57.907
             413,               19,               26,           62.654,          -57.907
             414,               20,                0,          -50.759,          -53.614
             415,               20,                1,          -46.467,          -53.614
             416,               20,                2,          -42.174,          -53.614
             417,               20,                3,          -37.656,          -53.614
             418,               20,                4,          -33.363,          -53.614
             419,               20,                5,          -29.071,          -53.614
             420,               20,                6,          -24.552,          -53.614
             421,               20,                7,          -20.260,          -53.614
             422,               20,                8,          -15.967,          -53.614
             423,               20,                9,          -11.449,          -53.614
             424,               20,               10,           -7.156,          -53.614
             425,               20,               11,           -2.864,          -53.614
             426,               20,               12,            1.655,          -53.614
             427,               20,               13,            5.947,          -53.614
             428,               20,               14,           10.240,          -53.614
             429,               20,               15,           14.758,          -53.614
             430,               20,               16,           19.051,          -53.614
             431,               20,               17,           23.344,          -53.614
             432,               20,               18,           27.862,          -53.614
             433,               20,               19,           32.155,          -53.614
             434,               20,               20,           36.447,          -53.614
             435,               20,               21,           40.965,          -53.614
             436,               20,               22,           45.258,          -53.614
             437,               20,               23,           49.551,          -53.614
             438,               20,               24,           54.069,          -53.614
             439,               20,               25,           58.362,          -53.614
             440,               20,               26,           62.654,          -53.614
             441,               21,                0,          -50.759,          -49.159
             442,               21,                1,          -46.467,          -49.159
             443,               21,                2,          -42.174,          -49.159
             444,               21,                3,          -37.656,          -49.159
             445,               21,                4,          -33.363,          -49.159
             446,               21,                5,          -29.071,          -49.159
             447,               21,                6,          -24.552,          -49.159
             448,               21,                7,          -20.260,          -49.159
             449,               21,                8,          -15.967,          -49.159
             450,               21,                9,          -11.449,          -49.159
             451,               21,               10,           -7.156,          -49.159
             452,               21,               11,           -2.864,          -49.159
             453,               21,               12,            1.655,          -49.159
             454,               21,               13,            5.947,          -49.159
             455,               21,               14,           10.240,          -49.159
             456,               21,               15,           14.758,          -49.159
             457,               21,               16,           19.051,          -49.159
             458,               21,               17,           23.344,          -49.159
             459,               21,               18,           27.862,          -49.159
             460,               21,               19,           32.155,          -49.159
             461,               21,               20,           36.447,          -49.159
             462,               21,               21,           40.965,          -49.159
             463,               21,               22,           45.258,          -49.159
             464,               21,               23,           49.551,          -49.159
             465,               21,               24,           54.069,          -49.159
             466,               21,               25,           58.362,          -49.159
             467,               21,               26,           62.654,          -49.159
             468,               22,                0,          -50.759,          -44.867
             469,               22,                1,          -46.467,          -44.867
             470,               22,                2,          -42.174,          -44.867
             471,               22,                3,          -37.656,          -44.867
             472,               22,                4,          -33.363,          -44.867
             473,               22,                5,          -29.071,          -44.867
             474,               22,                6,          -24.552,          -44.867
             475,               22,                7,          -20.260,          -44.867
             476,               22,                8,          -15.967,          -44.867
             477,               22,                9,          -11.449,          -44.867
             478,               22,               10,           -7.156,          -44.867
             479,               22,               11,           -2.864,          -44.867
             480,               22,               12,            1.655,          -44.867
             481,               22,               13,            5.947,          -44.867
             482,               22,               14,           10.240,          -44.867
             483,               22,               15,           14.758,          -44.867
             484,               22,               16,           19.051,          -44.867
             485,               22,               17,           23.344,          -44.867
             486,               22,               18,           27.862,          -44.867
             487,               22,               19,           32.155,          -44.867
             488,               22,               20,           36.447,          -44.867
             489,               22,               21,           40.965,          -44.867
             490,               22,               22,           45.258,          -44.867
             491,               22,               23,           49.551,          -44.867
             492,               22,               24,           54.069,          -44.867
             493,               22,               25,           58.362,          -44.867
             494,               22,               26,           62.654,          -44.867
             495,               23,                0,          -50.759,          -40.574
             496,               23,                1,          -46.467,          -40.574
             497,               23,                2,          -42.174,          -40.574
             498,               23,                3,          -37.656,          -40.574
             499,               23,                4,          -33.363,          -40.574
             500,               23,                5,          -29.071,          -40.574
             501,               23,                6,          -24.552,          -40.574
             502,               23,                7,          -20.260,          -40.574
             503,               23,                8,          -15.967,          -40.574
             504,               23,                9,          -11.449,          -40.574
             505,               23,               10,           -7.156,          -40.574
             506,               23,               11,           -2.864,          -40.574
             507,               23,               12,            1.655,          -40.574
             508,               23,               13,            5.947,          -40.574
             509,               23,               14,           10.240,          -40.574
             510,               23,               15,           14.758,          -40.574
             511,               23,               16,           19.051,          -40.574
             512,               23,               17,           23.344,          -40.574
             513,               23,               18,           27.862,          -40.574
             514,               23,               19,           32.155,          -40.574
             515,               23,               20,           36.447,          -40.574
             516,               23,               21,           40.965,          -40.574
             517,               23,               22,           45.258,          -40.574
             518,               23,               23,           49.551,          -40.574
             519,               23,               24,           54.069,          -40.574
             520,               23,               25,           58.362,          -40.574
             521,               23,               26,           62.654,          -40.574
             522,               24,                0,          -50.759,          -36.119
             523,               24,                1,          -46.467,          -36.119
             524,               24,                2,          -42.174,          -36.119
             525,               24,                3,          -37.656,          -36.119
             526,               24,                4,          -33.363,          -36.119
             527,               24,                5,          -29.071,          -36.119
             528,               24,                6,          -24.552,          -36.119
             529,               24,                7,          -20.260,          -36.119
             530,               24,                8,          -15.967,          -36.119
             531,               24,                9,          -11.449,          -36.119
             532,               24,               10,           -7.156,          -36.119
             533,               24,               11,           -2.864,          -36.119
             534,               24,               12,            1.655,          -36.119
             535,               24,               13,            5.947,          -36.119
             536,               24,               14,           10.240,          -36.119
             537,               24,               15,           14.758,          -36.119
             538,               24,               16,           19.051,          -36.119
             539,               24,               17,           23.344,          -36.119
             540,               24,               18,           27.862,          -36.119
             541,               24,               19,           32.155,          -36.119
             542,               24,               20,           36.447,          -36.119
             543,               24,               21,           40.965,          -36.119
             544,               24,               22,           45.258,          -36.119
             545,               24,               23,           49.551,          -36.119
             546,               24,               24,           54.069,          -36.119
             547,               24,               25,           58.362,          -36.119
             548,               24,               26,           62.654,          -36.119
             549,               25,                0,          -50.759,          -31.826
             550,               25,                1,          -46.467,          -31.826
             551,               25,                2,          -42.174,          -31.826
             552,               25,                3,          -37.656,          -31.826
             553,               25,                4,          -33.363,          -31.826
             554,               25,                5,          -29.071,          -31.826
             555,               25,                6,          -24.552,          -31.826
             556,               25,                7,          -20.260,          -31.826
             557,               25,                8,          -15.967,          -31.826
             558,               25,                9,          -11.449,          -31.826
             559,               25,               10,           -7.156,          -31.826
             560,               25,               11,           -2.864,          -31.826
             561,               25,               12,            1.655,          -31.826
             562,               25,               13,            5.947,          -31.826
             563,               25,               14,           10.240,          -31.826
             564,               25,               15,           14.758,          -31.826
             565,               25,               16,           19.051,          -31.826
             566,               25,               17,           23.344,          -31.826
             567,               25,               18,           27.862,          -31.826
             568,               25,               19,           32.155,          -31.826
             569,               25,               20,           36.447,          -31.826
             570,               25,               21,           40.965,          -31.826
             571,               25,               22,           45.258,          -31.826
             572,               25,               23,           49.551,          -31.826
             573,               25,               24,           54.069,          -31.826
             574,               25,               25,           58.362,          -31.826
             575,               25,               26,           62.654,          -31.826
             576,               26,                0,          -50.759,          -27.534
             577,               26,                1,          -46.467,          -27.534
             578,               26,                2,          -42.174,          -27.534
             579,               26,                3,          -37.656,          -27.534
             580,               26,                4,          -33.363,          -27.534
             581,               26,                5,          -29.071,          -27.534
             582,               26,                6,          -24.552,          -27.534
             583,               26,                7,          -20.260,          -27.534
             584,               26,                8,          -15.967,          -27.534
             585,               26,                9,          -11.449,          -27.534
             586,               26,               10,           -7.156,          -27.534
             587,               26,               11,           -2.864,          -27.534
             588,               26,               12,            1.655,          -27.534
             589,               26,               13,            5.947,          -27.534
             590,               26,               14,           10.240,          -27.534
             591,               26,               15,           14.758,          -27.534
             592,               26,               16,           19.051,          -27.534
             593,               26,               17,           23.344,          -27.534
             594,               26,               18,           27.862,          -27.534
             595,               26,               19,           32.155,          -27.534
             596,               26,               20,           36.447,          -27.534
             597,               26,               21,           40.965,          -27.534
             598,               26,               22,           45.258,          -27.534
             599,               26,               23,           49.551,          -27.534
             600,               26,               24,           54.069,          -27.534
             601,               26,               25,           58.362,          -27.534
             602,               26,               26,           62.654,          -27.534
             603,               27,                0,          -50.759,          -23.078
             604,               27,                1,          -46.467,          -23.078
             605,               27,                2,          -42.174,          -23.078
             606,               27,                3,          -37.656,          -23.078
             607,               27,                4,          -33.363,          -23.078
             608,               27,                5,          -29.071,          -23.078
             609,               27,                6,          -24.552,          -23.078
             610,               27,                7,          -20.260,          -23.078
             611,               27,                8,          -15.967,          -23.078
             612,               27,                9,          -11.449,          -23.078
             613,               27,               10,           -7.156,          -23.078
             614,               27,               11,           -2.864,          -23.078
             615,               27,               12,            1.655,          -23.078
             616,               27,               13,            5.947,          -23.078
             617,               27,               14,           10.240,          -23.078
             618,               27,               15,           14.758,          -23.078
             619,               27,               16,           19.051,          -23.078
             620,               27,               17,           23.344,          -23.078
             621,               27,               18,           27.862,          -23.078
             622,               27,               19,           32.155,          -23.078
             623,               27,               20,           36.447,          -23.078
             624,               27,               21,           40.965,          -23.078
             625,               27,               22,           45.258,          -23.078
             626,               27,               23,           49.551,          -23.078
             627,               27,               24,           54.069,          -23.078
             628,               27,               25,           58.362,          -23.078
             629,               27,               26,           62.654,          -23.078
             630,               28,                0,          -50.759,          -18.786
             631,               28,                1,          -46.467,          -18.786
             632,               28,                2,          -42.174,          -18.786
             633,               28,                3,          -37.656,          -18.786
             634,               28,                4,          -33.363,          -18.786
             635,               28,                5,          -29.071,          -18.786
             636,               28,                6,          -24.552,          -18.786
             637,               28,                7,          -20.260,          -18.786
             638,               28,                8,          -15.967,          -18.786
             639,               28,                9,          -11.449,          -18.786
             640,               28,               10,           -7.156,          -18.786
             641,               28,               11,           -2.864,          -18.786
             642,               28,               12,            1.655,          -18.786
             643,               28,               13,            5.947,          -18.786
             644,               28,               14,           10.240,          -18.786
             645,               28,               15,           14.758,          -18.786
             646,               28,               16,           19.051,          -18.786
             647,               28,               17,           23.344,          -18.786
             648,               28,               18,           27.862,          -18.786
             649,               28,               19,           32.155,          -18.786
             650,               28,               20,           36.447,          -18.786
             651,               28,               21,           40.965,          -18.786
             652,               28,               22,           45.258,          -18.786
             653,               28,               23,           49.551,          -18.786
             654,               28,               24,           54.069,          -18.786
             655,               28,               25,           58.362,          -18.786
             656,               28,               26,           62.654,          -18.786
             657,               29,                0,          -50.759,          -14.493
             658,               29,                1,          -46.467,          -14.493
             659,               29,                2,          -42.174,          -14.493
             660,               29,                3,          -37.656,          -14.493
             661,               29,                4,          -33.363,          -14.493
             662,               29,                5,          -29.071,          -14.493
             663,               29,                6,          -24.552,          -14.493
             664,               29,                7,          -20.260,          -14.493
             665,               29,                8,          -15.967,          -14.493
             666,               29,                9,          -11.449,          -14.493
             667,               29,               10,           -7.156,          -14.493
             668,               29,               11,           -2.864,          -14.493
             669,               29,               12,            1.655,          -14.493
             670,               29,               13,            5.947,          -14.493
             671,               29,               14,           10.240,          -14.493
             672,               29,               15,           14.758,          -14.493
             673,               29,               16,           19.051,          -14.493
             674,               29,               17,           23.344,          -14.493
             675,               29,               18,           27.862,          -14.493
             676,               29,               19,           32.155,          -14.493
             677,               29,               20,           36.447,          -14.493
             678,               29,               21,           40.965,          -14.493
             679,               29,               22,           45.258,          -14.493
             680,               29,               23,           49.551,          -14.493
             681,               29,               24,           54.069,          -14.493
             682,               29,               25,           58.362,          -14.493
             683,               29,               26,           62.654,          -14.493
             684,               30,                0,          -50.759,          -10.038
             685,               30,                1,          -46.467,          -10.038
             686,               30,                2,          -42.174,          -10.038
             687,               30,                3,          -37.656,          -10.038
             688,               30,                4,          -33.363,          -10.038
             689,               30,                5,          -29.071,          -10.038
             690,               30,                6,          -24.552,          -10.038
             691,               30,                7,          -20.260,          -10.038
             692,               30,                8,          -15.967,          -10.038
             693,               30,                9,          -11.449,          -10.038
             694,               30,               10,           -7.156,          -10.038
             695,               30,               11,           -2.864,          -10.038
             696,               30,               12,            1.655,          -10.038
             697,               30,               13,            5.947,          -10.038
             698,               30,               14,           10.240,          -10.038
             699,               30,               15,           14.758,          -10.038
             700,               30,               16,           19.051,          -10.038
             701,               30,               17,           23.344,          -10.038
             702,               30,               18,           27.862,          -10.038
             703,               30,               19,           32.155,          -10.038
             704,               30,               20,           36.447,          -10.038
             705,               30,               21,           40.965,          -10.038
             706,               30,               22,           45.258,          -10.038
             707,               30,               23,           49.551,          -10.038
             708,               30,               24,           54.069,          -10.038
             709,               30,               25,           58.362,          -10.038
             710,               30,               26,           62.654,          -10.038
             711,               31,                0,          -50.759,           -5.746
             712,               31,                1,          -46.467,           -5.746
             713,               31,                2,          -42.174,           -5.746
             714,               31,                3,          -37.656,           -5.746
             715,               31,                4,          -33.363,           -5.746
             716,               31,                5,          -29.071,           -5.746
             717,               31,                6,          -24.552,           -5.746
             718,               31,                7,          -20.260,           -5.746
             719,               31,                8,          -15.967,           -5.746
             720,               31,                9,          -11.449,           -5.746
             721,               31,               10,           -7.156,           -5.746
             722,               31,               11,           -2.864,           -5.746
             723,               31,               12,            1.655,           -5.746
             724,               31,               13,            5.947,           -5.746
             725,               31,               14,           10.240,           -5.746
             726,               31,               15,           14.758,           -5.746
             727,               31,               16,           19.051,           -5.746
             728,               31,               17,           23.344,           -5.746
             729,               31,               18,           27.862,           -5.746
             730,               31,               19,           32.155,           -5.746
             731,               31,               20,           36.447,           -5.746
             732,               31,               21,           40.965,           -5.746
             733,               31,               22,           45.258,           -5.746
             734,               31,               23,           49.551,           -5.746
             735,               31,               24,           54.069,           -5.746
             736,               31,               25,           58.362,           -5.746
             737,               31,               26,           62.654,           -5.746
             738,               32,                0,          -50.759,           -1.453
             739,               32,                1,          -46.467,           -1.453
             740,               32,                2,          -42.174,           -1.453
             741,               32,                3,          -37.656,           -1.453
             742,               32,                4,          -33.363,           -1.453
             743,               32,                5,          -29.071,           -1.453
             744,               32,                6,          -24.552,           -1.453
             745,               32,                7,          -20.260,           -1.453
             746,               32,                8,          -15.967,           -1.453
             747,               32,                9,          -11.449,           -1.453
             748,               32,               10,           -7.156,           -1.453
             749,               32,               11,           -2.864,           -1.453
             750,               32,               12,            1.655,           -1.453
             751,               32,               13,            5.947,           -1.453
             752,               32,               14,           10.240,           -1.453
             753,               32,               15,           14.758,           -1.453
             754,               32,               16,           19.051,           -1.453
             755,               32,               17,           23.344,           -1.453
             756,               32,               18,           27.862,           -1.453
             757,               32,               19,           32.155,           -1.453
             758,               32,               20,           36.447,           -1.453
             759,               32,               21,           40.965,           -1.453
             760,               32,               22,           45.258,           -1.453
             761,               32,               23,           49.551,           -1.453
             762,               32,               24,           54.069,           -1.453
             763,               32,               25,           58.362,           -1.453
             764,               32,               26,           62.654,           -1.453
             765,               33,                0,          -50.759,            3.002
             766,               33,                1,          -46.467,            3.002
             767,               33,                2,          -42.174,            3.002
             768,               33,                3,          -37.656,            3.002
             769,               33,                4,          -33.363,            3.002
             770,               33,                5,          -29.071,            3.002
             771,               33,                6,          -24.552,            3.002
             772,               33,                7,          -20.260,            3.002
             773,               33,                8,          -15.967,            3.002
             774,               33,                9,          -11.449,            3.002
             775,               33,               10,           -7.156,            3.002
             776,               33,               11,           -2.864,            3.002
             777,               33,               12,            1.655,            3.002
             778,               33,               13,            5.947,            3.002
             779,               33,               14,           10.240,            3.002
             780,               33,               15,           14.758,            3.002
             781,               33,               16,           19.051,            3.002
             782,               33,               17,           23.344,            3.002
             783,               33,               18,           27.862,            3.002
             784,               33,               19,           32.155,            3.002
             785,               33,               20,           36.447,            3.002
             786,               33,               21,           40.965,            3.002
             787,               33,               22,           45.258,            3.002
             788,               33,               23,           49.551,            3.002
             789,               33,               24,           54.069,            3.002
             790,               33,               25,           58.362,            3.002
             791,               33,               26,           62.654,            3.002
             792,               34,                0,          -50.759,            7.295
             793,               34,                1,          -46.467,            7.295
             794,               34,                2,          -42.174,            7.295
             795,               34,                3,          -37.656,            7.295
             796,               34,                4,          -33.363,            7.295
             797,               34,                5,          -29.071,            7.295
             798,               34,                6,          -24.552,            7.295
             799,               34,                7,          -20.260,            7.295
             800,               34,                8,          -15.967,            7.295
             801,               34,                9,          -11.449,            7.295
             802,               34,               10,           -7.156,            7.295
             803,               34,               11,           -2.864,            7.295
             804,               34,               12,            1.655,            7.295
             805,               34,               13,            5.947,            7.295
             806,               34,               14,           10.240,            7.295
             807,               34,               15,           14.758,            7.295
             808,               34,               16,           19.051,            7.295
             809,               34,               17,           23.344,            7.295
             810,               34,               18,           27.862,            7.295
             811,               34,               19,           32.155,            7.295
             812,               34,               20,           36.447,            7.295
             813,               34,               21,           40.965,            7.295
             814,               34,               22,           45.258,            7.295
             815,               34,               23,           49.551,            7.295
             816,               34,               24,           54.069,            7.295
             817,               34,               25,           58.362,            7.295
             818,               34,               26,           62.654,            7.295
             819,               35,                0,          -50.759,           11.587
             820,               35,                1,          -46.467,           11.587
             821,               35,                2,          -42.174,           11.587
             822,               35,                3,          -37.656,           11.587
             823,               35,                4,          -33.363,           11.587
             824,               35,                5,          -29.071,           11.587
             825,               35,                6,          -24.552,           11.587
             826,               35,                7,          -20.260,           11.587
             827,               35,                8,          -15.967,           11.587
             828,               35,                9,          -11.449,           11.587
             829,               35,               10,           -7.156,           11.587
             830,               35,               11,           -2.864,           11.587
             831,               35,               12,            1.655,           11.587
             832,               35,               13,            5.947,           11.587
             833,               35,               14,           10.240,           11.587
             834,               35,               15,           14.758,           11.587
             835,               35,               16,           19.051,           11.587
             836,               35,               17,           23.344,           11.587
             837,               35,               18,           27.862,           11.587
             838,               35,               19,           32.155,           11.587
             839,               35,               20,           36.447,           11.587
             840,               35,               21,           40.965,           11.587
             841,               35,               22,           45.258,           11.587
             842,               35,               23,           49.551,           11.587
             843,               35,               24,           54.069,           11.587
             844,               35,               25,           58.362,           11.587
             845,               35,               26,           62.654,           11.587
             846,               36,                0,          -50.759,           16.043
             847,               36,                1,          -46.467,           16.043
             848,               36,                2,          -42.174,           16.043
             849,               36,                3,          -37.656,           16.043
             850,               36,                4,          -33.363,           16.043
             851,               36,                5,          -29.071,           16.043
             852,               36,                6,          -24.552,           16.043
             853,               36,                7,          -20.260,           16.043
             854,               36,                8,          -15.967,           16.043
             855,               36,                9,          -11.449,           16.043
             856,               36,               10,           -7.156,           16.043
             857,               36,               11,           -2.864,           16.043
             858,               36,               12,            1.655,           16.043
             859,               36,               13,            5.947,           16.043
             860,               36,               14,           10.240,           16.043
             861,               36,               15,           14.758,           16.043
             862,               36,               16,           19.051,           16.043
             863,               36,               17,           23.344,           16.043
             864,               36,               18,           27.862,           16.043
             865,               36,               19,           32.155,           16.043
             866,               36,               20,           36.447,           16.043
             867,               36,               21,           40.965,           16.043
             868,               36,               22,           45.258,           16.043
             869,               36,               23,           49.551,           16.043
             870,               36,               24,           54.069,           16.043
             871,               36,               25,           58.362,           16.043
             872,               36,               26,           62.654,           16.043
             873,               37,                0,          -50.759,           20.335
             874,               37,                1,          -46.467,           20.335
             875,               37,                2,          -42.174,           20.335
             876,               37,                3,          -37.656,           20.335
             877,               37,                4,          -33.363,           20.335
             878,               37,                5,          -29.071,           20.335
             879,               37,                6,          -24.552,           20.335
             880,               37,                7,          -20.260,           20.335
             881,               37,                8,          -15.967,           20.335
             882,               37,                9,          -11.449,           20.335
             883,               37,               10,           -7.156,           20.335
             884,               37,               11,           -2.864,           20.335
             885,               37,               12,            1.655,           20.335
             886,               37,               13,            5.947,           20.335
             887,               37,               14,           10.240,           20.335
             888,               37,               15,           14.758,           20.335
             889,               37,               16,           19.051,           20.335
             890,               37,               17,           23.344,           20.335
             891,               37,               18,           27.862,           20.335
             892,               37,               19,           32.155,           20.335
             893,               37,               20,           36.447,           20.335
             894,               37,               21,           40.965,           20.335
             895,               37,               22,           45.258,           20.335
             896,               37,               23,           49.551,           20.335
             897,               37,               24,           54.069,           20.335
             898,               37,               25,           58.362,           20.335
             899,               37,               26,           62.654,           20.335
             900,               38,                0,          -50.759,           24.628
             901,               38,                1,          -46.467,           24.628
             902,               38,                2,          -42.174,           24.628
             903,               38,                3,          -37.656,           24.628
             904,               38,                4,          -33.363,           24.628
             905,               38,                5,          -29.071,           24.628
             906,               38,                6,          -24.552,           24.628
             907,               38,                7,          -20.260,           24.628
             908,               38,                8,          -15.967,           24.628
             909,               38,                9,          -11.449,           24.628
             910,               38,               10,           -7.156,           24.628
             911,               38,               11,           -2.864,           24.628
             912,               38,               12,            1.655,           24.628
             913,               38,               13,            5.947,           24.628
             914,               38,               14,           10.240,           24.628
             915,               38,               15,           14.758,           24.628
             916,               38,               16,           19.051,           24.628
             917,               38,               17,           23.344,           24.628
             918,               38,               18,           27.862,           24.628
             919,               38,               19,           32.155,           24.628
             920,               38,               20,           36.447,           24.628
             921,               38,               21,           40.965,           24.628
             922,               38,               22,           45.258,           24.628
             923,               38,               23,           49.551,           24.628
             924,               38,               24,           54.069,           24.628
             925,               38,               25,           58.362,           24.628
             926,               38,               26,           62.654,           24.628
             927,               39,                0,          -50.759,           29.083
             928,               39,                1,          -46.467,           29.083
             929,               39,                2,          -42.174,           29.083
             930,               39,                3,          -37.656,           29.083
             931,               39,                4,          -33.363,           29.083
             932,               39,                5,          -29.071,           29.083
             933,               39,                6,          -24.552,           29.083
             934,               39,                7,          -20.260,           29.083
             935,               39,                8,          -15.967,           29.083
             936,               39,                9,          -11.449,           29.083
             937,               39,               10,           -7.156,           29.083
             938,               39,               11,           -2.864,           29.083
             939,               39,               12,            1.655,           29.083
             940,               39,               13,            5.947,           29.083
             941,               39,               14,           10.240,           29.083
             942,               39,               15,           14.758,           29.083
             943,               39,               16,           19.051,           29.083
             944,               39,               17,           23.344,           29.083
             945,               39,               18,           27.862,           29.083
             946,               39,               19,           32.155,           29.083
             947,               39,               20,           36.447,           29.083
             948,               39,               21,           40.965,           29.083
             949,               39,               22,           45.258,           29.083
             950,               39,               23,           49.551,           29.083
             951,               39,               24,           54.069,           29.083
             952,               39,               25,           58.362,           29.083
             953,               39,               26,           62.654,           29.083
             954,               40,                0,          -50.759,           33.376
             955,               40,                1,          -46.467,           33.376
             956,               40,                2,          -42.174,           33.376
             957,               40,                3,          -37.656,           33.376
             958,               40,                4,          -33.363,           33.376
             959,               40,                5,          -29.071,           33.376
             960,               40,                6,          -24.552,           33.376
             961,               40,                7,          -20.260,           33.376
             962,               40,                8,          -15.967,           33.376
             963,               40,                9,          -11.449,           33.376
             964,               40,               10,           -7.156,           33.376
             965,               40,               11,           -2.864,           33.376
             966,               40,               12,            1.655,           33.376
             967,               40,               13,            5.947,           33.376
             968,               40,               14,           10.240,           33.376
             969,               40,               15,           14.758,           33.376
             970,               40,               16,           19.051,           33.376
             971,               40,               17,           23.344,           33.376
             972,               40,               18,           27.862,           33.376
             973,               40,               19,           32.155,           33.376
             974,               40,               20,           36.447,           33.376
             975,               40,               21,           40.965,           33.376
             976,               40,               22,           45.258,           33.376
             977,               40,               23,           49.551,           33.376
             978,               40,               24,           54.069,           33.376
             979,               40,               25,           58.362,           33.376
             980,               40,               26,           62.654,           33.376
             981,               41,                0,          -50.759,           37.668
             982,               41,                1,          -46.467,           37.668
             983,               41,                2,          -42.174,           37.668
             984,               41,                3,          -37.656,           37.668
             985,               41,                4,          -33.363,           37.668
             986,               41,                5,          -29.071,           37.668
             987,               41,                6,          -24.552,           37.668
             988,               41,                7,          -20.260,           37.668
             989,               41,                8,          -15.967,           37.668
             990,               41,                9,          -11.449,           37.668
             991,               41,               10,           -7.156,           37.668
             992,               41,               11,           -2.864,           37.668
             993,               41,               12,            1.655,           37.668
             994,               41,               13,            5.947,           37.668
             995,               41,               14,           10.240,           37.668
             996,               41,               15,           14.758,           37.668
             997,               41,               16,           19.051,           37.668
             998,               41,               17,           23.344,           37.668
             999,               41,               18,           27.862,           37.668
            1000,               41,               19,           32.155,           37.668
            1001,               41,               20,           36.447,           37.668
            1002,               41,               21,           40.965,           37.668
            1003,               41,               22,           45.258,           37.668
            1004,               41,               23,           49.551,           37.668
            1005,               41,               24,           54.069,           37.668
            1006,               41,               25,           58.362,           37.668
            1007,               41,               26,           62.654,           37.668
            1008,               42,                0,          -50.759,           42.123
            1009,               42,                1,          -46.467,           42.123
            1010,               42,                2,          -42.174,           42.123
            1011,               42,                3,          -37.656,           42.123
            1012,               42,                4,          -33.363,           42.123
            1013,               42,                5,          -29.071,           42.123
            1014,               42,                6,          -24.552,           42.123
            1015,               42,                7,          -20.260,           42.123
            1016,               42,                8,          -15.967,           42.123
            1017,               42,                9,          -11.449,           42.123
            1018,               42,               10,           -7.156,           42.123
            1019,               42,               11,           -2.864,           42.123
            1020,               42,               12,            1.655,           42.123
            1021,               42,               13,            5.947,           42.123
            1022,               42,               14,           10.240,           42.123
            1023,               42,               15,           14.758,           42.123
            1024,               42,               16,           19.051,           42.123
            1025,               42,               17,           23.344,           42.123
            1026,               42,               18,           27.862,           42.123
            1027,               42,               19,           32.155,           42.123
            1028,               42,               20,           36.447,           42.123
            1029,               42,               21,           40.965,           42.123
            1030,               42,               22,           45.258,           42.123
            1031,               42,               23,           49.551,           42.123
            1032,               42,               24,           54.069,           42.123
            1033,               42,               25,           58.362,           42.123
            1034,               42,               26,           62.654,           42.123
            1035,               43,                0,          -50.759,           46.416
            1036,               43,                1,          -46.467,           46.416
            1037,               43,                2,          -42.174,           46.416
            1038,               43,                3,          -37.656,           46.416
            1039,               43,                4,          -33.363,           46.416
            1040,               43,                5,          -29.071,           46.416
            1041,               43,                6,          -24.552,           46.416
            1042,               43,                7,          -20.260,           46.416
            1043,               43,                8,          -15.967,           46.416
            1044,               43,                9,          -11.449,           46.416
            1045,               43,               10,           -7.156,           46.416
            1046,               43,               11,           -2.864,           46.416
            1047,               43,               12,            1.655,           46.416
            1048,               43,               13,            5.947,           46.416
            1049,               43,               14,           10.240,           46.416
            1050,               43,               15,           14.758,           46.416
            1051,               43,               16,           19.051,           46.416
            1052,               43,               17,           23.344,           46.416
            1053,               43,               18,           27.862,           46.416
            1054,               43,               19,           32.155,           46.416
            1055,               43,               20,           36.447,           46.416
            1056,               43,               21,           40.965,           46.416
            1057,               43,               22,           45.258,           46.416
            1058,               43,               23,           49.551,           46.416
            1059,               43,               24,           54.069,           46.416
            1060,               43,               25,           58.362,           46.416
            1061,               43,               26,           62.654,           46.416
            1062,               44,                0,          -50.759,           50.709
            1063,               44,                1,          -46.467,           50.709
            1064,               44,                2,          -42.174,           50.709
            1065,               44,                3,          -37.656,           50.709
            1066,               44,                4,          -33.363,           50.709
            1067,               44,                5,          -29.071,           50.709
            1068,               44,                6,          -24.552,           50.709
            1069,               44,                7,          -20.260,           50.709
            1070,               44,                8,          -15.967,           50.709
            1071,               44,                9,          -11.449,           50.709
            1072,               44,               10,           -7.156,           50.709
            1073,               44,               11,           -2.864,           50.709
            1074,               44,               12,            1.655,           50.709
            1075,               44,               13,            5.947,           50.709
            1076,               44,               14,           10.240,           50.709
            1077,               44,               15,           14.758,           50.709
            1078,               44,               16,           19.051,           50.709
            1079,               44,               17,           23.344,           50.709
            1080,               44,               18,           27.862,           50.709
            1081,               44,               19,           32.155,           50.709
            1082,               44,               20,           36.447,           50.709
            1083,               44,               21,           40.965,           50.709
            1084,               44,               22,           45.258,           50.709
            1085,               44,               23,           49.551,           50.709
            1086,               44,               24,           54.069,           50.709
            1087,               44,               25,           58.362,           50.709
            1088,               44,               26,           62.654,           50.709
            1089,               45,                0,          -50.759,           55.164
            1090,               45,                1,          -46.467,           55.164
            1091,               45,                2,          -42.174,           55.164
            1092,               45,                3,          -37.656,           55.164
            1093,               45,                4,          -33.363,           55.164
            1094,               45,                5,          -29.071,           55.164
            1095,               45,                6,          -24.552,           55.164
            1096,               45,                7,          -20.260,           55.164
            1097,               45,                8,          -15.967,           55.164
            1098,               45,                9,          -11.449,           55.164
            1099,               45,               10,           -7.156,           55.164
            1100,               45,               11,           -2.864,           55.164
            1101,               45,               12,            1.655,           55.164
            1102,               45,               13,            5.947,           55.164
            1103,               45,               14,           10.240,           55.164
            1104,               45,               15,           14.758,           55.164
            1105,               45,               16,           19.051,           55.164
            1106,               45,               17,           23.344,           55.164
            1107,               45,               18,           27.862,           55.164
            1108,               45,               19,           32.155,           55.164
            1109,               45,               20,           36.447,           55.164
            1110,               45,               21,           40.965,           55.164
            1111,               45,               22,           45.258,           55.164
            1112,               45,               23,           49.551,           55.164
            1113,               45,               24,           54.069,           55.164
            1114,               45,               25,           58.362,           55.164
            1115,               45,               26,           62.654,           55.164
            1116,               46,                0,          -50.759,           59.456
            1117,               46,                1,          -46.467,           59.456
            1118,               46,                2,          -42.174,           59.456
            1119,               46,                3,          -37.656,           59.456
            1120,               46,                4,          -33.363,           59.456
            1121,               46,                5,          -29.071,           59.456
            1122,               46,                6,          -24.552,           59.456
            1123,               46,                7,          -20.260,           59.456
            1124,               46,                8,          -15.967,           59.456
            1125,               46,                9,          -11.449,           59.456
            1126,               46,               10,           -7.156,           59.456
            1127,               46,               11,           -2.864,           59.456
            1128,               46,               12,            1.655,           59.456
            1129,               46,               13,            5.947,           59.456
            1130,               46,               14,           10.240,           59.456
            1131,               46,               15,           14.758,           59.456
            1132,               46,               16,           19.051,           59.456
            1133,               46,               17,           23.344,           59.456
            1134,               46,               18,           27.862,           59.456
            1135,               46,               19,           32.155,           59.456
            1136,               46,               20,           36.447,           59.456
            1137,               46,               21,           40.965,           59.456
            1138,               46,               22,           45.258,           59.456
            1139,               46,               23,           49.551,           59.456
            1140,               46,               24,           54.069,           59.456
            1141,               46,               25,           58.362,           59.456
            1142,               46,               26,           62.654,           59.456
            1143,               47,                0,          -50.759,           63.749
            1144,               47,                1,          -46.467,           63.749
            1145,               47,                2,          -42.174,           63.749
            1146,               47,                3,          -37.656,           63.749
            1147,               47,                4,          -33.363,           63.749
            1148,               47,                5,          -29.071,           63.749
            1149,               47,                6,          -24.552,           63.749
            1150,               47,                7,          -20.260,           63.749
            1151,               47,                8,          -15.967,           63.749
            1152,               47,                9,          -11.449,           63.749
            1153,               47,               10,           -7.156,           63.749
            1154,               47,               11,           -2.864,           63.749
            1155,               47,               12,            1.655,           63.749
            1156,               47,               13,            5.947,           63.749
            1157,               47,               14,           10.240,           63.749
            1158,               47,               15,           14.758,           63.749
            1159,               47,               16,           19.051,           63.749
            1160,               47,               17,           23.344,           63.749
            1161,               47,               18,           27.862,           63.749
            1162,               47,               19,           32.155,           63.749
            1163,               47,               20,           36.447,           63.749
            1164,               47,               21,           40.965,           63.749
            1165,               47,               22,           45.258,           63.749
            1166,               47,               23,           49.551,           63.749
            1167,               47,               24,           54.069,           63.749
            1168,               47,               25,           58.362,           63.749
            1169,               47,               26,           62.654,           63.749
            1170,               48,                0,          -50.759,           68.204
            1171,               48,                1,          -46.467,           68.204
            1172,               48,                2,          -42.174,           68.204
            1173,               48,                3,          -37.656,           68.204
            1174,               48,                4,          -33.363,           68.204
            1175,               48,                5,          -29.071,           68.204
            1176,               48,                6,          -24.552,           68.204
            1177,               48,                7,          -20.260,           68.204
            1178,               48,                8,          -15.967,           68.204
            1179,               48,                9,          -11.449,           68.204
            1180,               48,               10,           -7.156,           68.204
            1181,               48,               11,           -2.864,           68.204
            1182,               48,               12,            1.655,           68.204
            1183,               48,               13,            5.947,           68.204
            1184,               48,               14,           10.240,           68.204
            1185,               48,               15,           14.758,           68.204
            1186,               48,               16,           19.051,           68.204
            1187,               48,               17,           23.344,           68.204
            1188,               48,               18,           27.862,           68.204
            1189,               48,               19,           32.155,           68.204
            1190,               48,               20,           36.447,           68.204
            1191,               48,               21,           40.965,           68.204
            1192,               48,               22,           45.258,           68.204
            1193,               48,               23,           49.551,           68.204
            1194,               48,               24,           54.069,           68.204
            1195,               48,               25,           58.362,           68.204
            1196,               48,               26,           62.654,           68.204
            1197,               49,                0,          -50.759,           72.497
            1198,               49,                1,          -46.467,           72.497
            1199,               49,                2,          -42.174,           72.497
            1200,               49,                3,          -37.656,           72.497
            1201,               49,                4,          -33.363,           72.497
            1202,               49,                5,          -29.071,           72.497
            1203,               49,                6,          -24.552,           72.497
            1204,               49,                7,          -20.260,           72.497
            1205,               49,                8,          -15.967,           72.497
            1206,               49,                9,          -11.449,           72.497
            1207,               49,               10,           -7.156,           72.497
            1208,               49,               11,           -2.864,           72.497
            1209,               49,               12,            1.655,           72.497
            1210,               49,               13,            5.947,           72.497
            1211,               49,               14,           10.240,           72.497
            1212,               49,               15,           14.758,           72.497
            1213,               49,               16,           19.051,           72.497
            1214,               49,               17,           23.344,           72.497
            1215,               49,               18,           27.862,           72.497
            1216,               49,               19,           32.155,           72.497
            1217,               49,               20,           36.447,           72.497
            1218,               49,               21,           40.965,           72.497
            1219,               49,               22,           45.258,           72.497
            1220,               49,               23,           49.551,           72.497
            1221,               49,               24,           54.069,           72.497
            1222,               49,               25,           58.362,           72.497
            1223,               49,               26,           62.654,           72.497
            1224,               50,                0,          -50.759,           76.789
            1225,               50,                1,          -46.467,           76.789
            1226,               50,                2,          -42.174,           76.789
            1227,               50,                3,          -37.656,           76.789
            1228,               50,                4,          -33.363,           76.789
            1229,               50,                5,          -29.071,           76.789
            1230,               50,                6,          -24.552,           76.789
            1231,               50,                7,          -20.260,           76.789
            1232,               50,                8,          -15.967,           76.789
            1233,               50,                9,          -11.449,           76.789
            1234,               50,               10,           -7.156,           76.789
            1235,               50,               11,           -2.864,           76.789
            1236,               50,               12,            1.655,           76.789
            1237,               50,               13,            5.947,           76.789
            1238,               50,               14,           10.240,           76.789
            1239,               50,               15,           14.758,           76.789
            1240,               50,               16,           19.051,           76.789
            1241,               50,               17,           23.344,           76.789
            1242,               50,               18,           27.862,           76.789
            1243,               50,               19,           32.155,           76.789
            1244,               50,               20,           36.447,           76.789
            1245,               50,               21,           40.965,           76.789
            1246,               50,               22,           45.258,           76.789
            1247,               50,               23,           49.551,           76.789
            1248,               50,               24,           54.069,           76.789
            1249,               50,               25,           58.362,           76.789
            1250,               50,               26,           62.654,           76.789
            1251,               51,                0,          -50.759,           81.244
            1252,               51,                1,          -46.467,           81.244
            1253,               51,                2,          -42.174,           81.244
            1254,               51,                3,          -37.656,           81.244
            1255,               51,                4,          -33.363,           81.244
            1256,               51,                5,          -29.071,           81.244
            1257,               51,                6,          -24.552,           81.244
            1258,               51,                7,          -20.260,           81.244
            1259,               51,                8,          -15.967,           81.244
            1260,               51,                9,          -11.449,           81.244
            1261,               51,               10,           -7.156,           81.244
            1262,               51,               11,           -2.864,           81.244
            1263,               51,               12,            1.655,           81.244
            1264,               51,               13,            5.947,           81.244
            1265,               51,               14,           10.240,           81.244
            1266,               51,               15,           14.758,           81.244
            1267,               51,               16,           19.051,           81.244
            1268,               51,               17,           23.344,           81.244
            1269,               51,               18,           27.862,           81.244
            1270,               51,               19,           32.155,           81.244
            1271,               51,               20,           36.447,           81.244
            1272,               51,               21,           40.965,           81.244
            1273,               51,               22,           45.258,           81.244
            1274,               51,               23,           49.551,           81.244
            1275,               51,               24,           54.069,           81.244
            1276,               51,               25,           58.362,           81.244
            1277,               51,               26,           62.654,           81.244
            1278,               52,                0,          -50.759,           85.537
            1279,               52,                1,          -46.467,           85.537
            1280,               52,                2,          -42.174,           85.537
            1281,               52,                3,          -37.656,           85.537
            1282,               52,                4,          -33.363,           85.537
            1283,               52,                5,          -29.071,           85.537
            1284,               52,                6,          -24.552,           85.537
            1285,               52,                7,          -20.260,           85.537
            1286,               52,                8,          -15.967,           85.537
            1287,               52,                9,          -11.449,           85.537
            1288,               52,               10,           -7.156,           85.537
            1289,               52,               11,           -2.864,           85.537
            1290,               52,               12,            1.655,           85.537
            1291,               52,               13,            5.947,           85.537
            1292,               52,               14,           10.240,           85.537
            1293,               52,               15,           14.758,           85.537
            1294,               52,               16,           19.051,           85.537
            1295,               52,               17,           23.344,           85.537
            1296,               52,               18,           27.862,           85.537
            1297,               52,               19,           32.155,           85.537
            1298,               52,               20,           36.447,           85.537
            1299,               52,               21,           40.965,           85.537
            1300,               52,               22,           45.258,           85.537
            1301,               52,               23,           49.551,           85.537
            1302,               52,               24,           54.069,           85.537
            1303,               52,               25,           58.362,           85.537
            1304,               52,               26,           62.654,           85.537
            1305,               53,                0,          -50.759,           89.830
            1306,               53,                1,          -46.467,           89.830
            1307,               53,                2,          -42.174,           89.830
            1308,               53,                3,          -37.656,           89.830
            1309,               53,                4,          -33.363,           89.830
            1310,               53,                5,          -29.071,           89.830
            1311,               53,                6,          -24.552,           89.830
            1312,               53,                7,          -20.260,           89.830
            1313,               53,                8,          -15.967,           89.830
            1314,               53,                9,          -11.449,           89.830
            1315,               53,               10,           -7.156,           89.830
            1316,               53,               11,           -2.864,           89.830
            1317,               53,               12,            1.655,           89.830
            1318,               53,               13,            5.947,           89.830
            1319,               53,               14,           10.240,           89.830
            1320,               53,               15,           14.758,           89.830
            1321,               53,               16,           19.051,           89.830
            1322,               53,               17,           23.344,           89.830
            1323,               53,               18,           27.862,           89.830
            1324,               53,               19,           32.155,           89.830
            1325,               53,               20,           36.447,           89.830
            1326,               53,               21,           40.965,           89.830
            1327,               53,               22,           45.258,           89.830
            1328,               53,               23,           49.551,           89.830
            1329,               53,               24,           54.069,           89.830
            1330,               53,               25,           58.362,           89.830
            1331,               53,               26,           62.654,           89.830
            1332,               54,                0,          -50.759,           94.285
            1333,               54,                1,          -46.467,           94.285
            1334,               54,                2,          -42.174,           94.285
            1335,               54,                3,          -37.656,           94.285
            1336,               54,                4,          -33.363,           94.285
            1337,               54,                5,          -29.071,           94.285
            1338,               54,                6,          -24.552,           94.285
            1339,               54,                7,          -20.260,           94.285
            1340,               54,                8,          -15.967,           94.285
            1341,               54,                9,          -11.449,           94.285
            1342,               54,               10,           -7.156,           94.285
            1343,               54,               11,           -2.864,           94.285
            1344,               54,               12,            1.655,           94.285
            1345,               54,               13,            5.947,           94.285
            1346,               54,               14,           10.240,           94.285
            1347,               54,               15,           14.758,           94.285
            1348,               54,               16,           19.051,           94.285
            1349,               54,               17,           23.344,           94.285
            1350,               54,               18,           27.862,           94.285
            1351,               54,               19,           32.155,           94.285
            1352,               54,               20,           36.447,           94.285
            1353,               54,               21,           40.965,           94.285
            1354,               54,               22,           45.258,           94.285
            1355,               54,               23,           49.551,           94.285
            1356,               55,                0,          -50.759,           98.577
            1357,               55,                1,          -46.467,           98.577
            1358,               55,                2,          -42.174,           98.577
            1359,               55,                3,          -37.656,           98.577
            1360,               55,                4,          -33.363,           98.577
            1361,               55,                5,          -29.071,           98.577
            1362,               55,                6,          -24.552,           98.577
            1363,               55,                7,          -20.260,           98.577
            1364,               55,                8,          -15.967,           98.577
            1365,               55,                9,          -11.449,           98.577
            1366,               55,               10,           -7.156,           98.577
            1367,               55,               11,           -2.864,           98.577
            1368,               55,               12,            1.655,           98.577
            1369,               55,               13,            5.947,           98.577
            1370,               55,               14,           10.240,           98.577
            1371,               55,               15,           14.758,           98.577
            1372,               55,               16,           19.051,           98.577
            1373,               55,               17,           23.344,           98.577
            1374,               55,               18,           27.862,           98.577
            1375,               55,               19,           32.155,           98.577
            1376,               55,               20,           36.447,           98.577
            1377,               55,               21,           40.965,           98.577
            1378,               55,               22,           45.258,           98.577
            1379,               55,               23,           49.551,           98.577
            1380,               56,                0,          -50.759,          102.870
            1381,               56,                1,          -46.467,          102.870
            1382,               56,                2,          -42.174,          102.870
            1383,               56,                3,          -37.656,          102.870
            1384,               56,                4,          -33.363,          102.870
            1385,               56,                5,          -29.071,          102.870
            1386,               56,                6,          -24.552,          102.870
            1387,               56,                7,          -20.260,          102.870
            1388,               56,                8,          -15.967,          102.870
            1389,               56,                9,          -11.449,          102.870
            1390,               56,               10,           -7.156,          102.870
            1391,               56,               11,           -2.864,          102.870
            1392,               56,               12,            1.655,          102.870
            1393,               56,               13,            5.947,          102.870
            1394,               56,               14,           10.240,          102.870
            1395,               56,               15,           14.758,          102.870
            1396,               56,               16,           19.051,          102.870
            1397,               56,               17,           23.344,          102.870
            1398,               56,               18,           27.862,          102.870
            1399,               56,               19,           32.155,          102.870
            1400,               56,               20,           36.447,          102.870
            1401,               56,               21,           40.965,          102.870
            1402,               56,               22,           45.258,          102.870
            1403,               56,               23,           49.551,          102.870
            1404,               57,                0,          -56.469,          107.325
            1405,               57,                1,          -52.177,          107.325
            1406,               57,                2,          -47.884,          107.325
            1407,               57,                3,          -43.366,          107.325
            1408,               57,                4,          -39.073,          107.325
            1409,               57,                5,          -34.781,          107.325
            1410,               57,                6,          -30.262,          107.325
            1411,               57,                7,          -25.970,          107.325
            1412,               57,                8,          -21.677,          107.325
            1413,               57,                9,          -17.159,          107.325
            1414,               57,               10,          -12.866,          107.325
            1415,               57,               11,           -8.574,          107.325
            1416,               57,               12,           -4.055,          107.325
            1417,               57,               13,            0.237,          107.325
            1418,               57,               14,            4.530,          107.325
            1419,               57,               15,            9.048,          107.325
            1420,               57,               16,           13.341,          107.325
            1421,               57,               17,           17.634,          107.325
            1422,               57,               18,           22.152,          107.325
            1423,               57,               19,           26.445,          107.325
            1424,               57,               20,           30.737,          107.325
            1425,               57,               21,           35.255,          107.325
            1426,               57,               22,           39.548,          107.325
            1427,               57,               23,           43.841,          107.325
            1428,               58,                0,          -56.469,          111.618
            1429,               58,                1,          -52.177,          111.618
            1430,               58,                2,          -47.884,          111.618
            1431,               58,                3,          -43.366,          111.618
            1432,               58,                4,          -39.073,          111.618
            1433,               58,                5,          -34.781,          111.618
            1434,               58,                6,          -30.262,          111.618
            1435,               58,                7,          -25.970,          111.618
            1436,               58,                8,          -21.677,          111.618
            1437,               58,                9,          -17.159,          111.618
            1438,               58,               10,          -12.866,          111.618
            1439,               58,               11,           -8.574,          111.618
            1440,               58,               12,           -4.055,          111.618
            1441,               58,               13,            0.237,          111.618
            1442,               58,               14,            4.530,          111.618
            1443,               58,               15,            9.048,          111.618
            1444,               58,               16,           13.341,          111.618
            1445,               58,               17,           17.634,          111.618
            1446,               58,               18,           22.152,          111.618
            1447,               58,               19,           26.445,          111.618
            1448,               58,               20,           30.737,          111.618
            1449,               58,               21,           35.255,          111.618
            1450,               58,               22,           39.548,          111.618
            1451,               58,               23,           43.841,          111.618
            1452,               59,                0,          -56.469,          115.910
            1453,               59,                1,          -52.177,          115.910
            1454,               59,                2,          -47.884,          115.910
            1455,               59,                3,          -43.366,          115.910
            1456,               59,                4,          -39.073,          115.910
            1457,               59,                5,          -34.781,          115.910
            1458,               59,                6,          -30.262,          115.910
            1459,               59,                7,          -25.970,          115.910
            1460,               59,                8,          -21.677,          115.910
            1461,               59,                9,          -17.159,          115.910
            1462,               59,               10,          -12.866,          115.910
            1463,               59,               11,           -8.574,          115.910
            1464,               59,               12,           -4.055,          115.910
            1465,               59,               13,            0.237,          115.910
            1466,               59,               14,            4.530,          115.910
            1467,               59,               15,            9.048,          115.910
            1468,               59,               16,           13.341,          115.910
            1469,               59,               17,           17.634,          115.910
            1470,               59,               18,           22.152,          115.910
            1471,               59,               19,           26.445,          115.910
            1472,               59,               20,           30.737,          115.910
            1473,               59,               21,           35.255,          115.910
            1474,               59,               22,           39.548,          115.910
            1475,               59,               23,           43.841,          115.910
            1476,               60,                0,          -52.029,          120.365
            1477,               60,                1,          -47.737,          120.365
            1478,               60,                2,          -43.444,          120.365
            1479,               60,                3,          -38.926,          120.365
            1480,               60,                4,          -34.633,          120.365
            1481,               60,                5,          -30.341,          120.365
            1482,               60,                6,          -25.822,          120.365
            1483,               60,                7,          -21.530,          120.365
            1484,               60,                8,          -17.237,          120.365
            1485,               60,                9,          -12.719,          120.365
            1486,               60,               10,           -8.426,          120.365
            1487,               60,               11,           -4.134,          120.365
            1488,               60,               12,            0.385,          120.365
            1489,               60,               13,            4.677,          120.365
            1490,               60,               14,            8.970,          120.365
            1491,               60,               15,           13.488,          120.365
            1492,               60,               16,           17.781,          120.365
            1493,               60,               17,           22.074,          120.365
            1494,               60,               18,           26.592,          120.365
            1495,               60,               19,           30.885,          120.365
            1496,               60,               20,           35.177,          120.365
            1497,               61,                0,          -52.029,          124.658
            1498,               61,                1,          -47.737,          124.658
            1499,               61,                2,          -43.444,          124.658
            1500,               61,                3,          -38.926,          124.658
            1501,               61,                4,          -34.633,          124.658
            1502,               61,                5,          -30.341,          124.658
            1503,               61,                6,          -25.822,          124.658
            1504,               61,                7,          -21.530,          124.658
            1505,               61,                8,          -17.237,          124.658
            1506,               61,                9,          -12.719,          124.658
            1507,               61,               10,           -8.426,          124.658
            1508,               61,               11,           -4.134,          124.658
            1509,               61,               12,            0.385,          124.658
            1510,               61,               13,            4.677,          124.658
            1511,               61,               14,            8.970,          124.658
            1512,               61,               15,           13.488,          124.658
            1513,               61,               16,           17.781,          124.658
            1514,               61,               17,           22.074,          124.658
            1515,               61,               18,           26.592,          124.658
            1516,               61,               19,           30.885,          124.658
            1517,               61,               20,           35.177,          124.658
            1518,               62,                0,          -52.029,          128.951
            1519,               62,                1,          -47.737,          128.951
            1520,               62,                2,          -43.444,          128.951
            1521,               62,                3,          -38.926,          128.951
            1522,               62,                4,          -34.633,          128.951
            1523,               62,                5,          -30.341,          128.951
            1524,               62,                6,          -25.822,          128.951
            1525,               62,                7,          -21.530,          128.951
            1526,               62,                8,          -17.237,          128.951
            1527,               62,                9,          -12.719,          128.951
            1528,               62,               10,           -8.426,          128.951
            1529,               62,               11,           -4.134,          128.951
            1530,               62,               12,            0.385,          128.951
            1531,               62,               13,            4.677,          128.951
            1532,               62,               14,            8.970,          128.951
            1533,               62,               15,           13.488,          128.951
            1534,               62,               16,           17.781,          128.951
            1535,               62,               17,           22.074,          128.951
            1536,               62,               18,           26.592,          128.951
            1537,               62,               19,           30.885,          128.951
            1538,               62,               20,           35.177,          128.951
            1539,               63,                0,          -56.469,          133.406
            1540,               63,                1,          -52.177,          133.406
            1541,               63,                2,          -47.884,          133.406
            1542,               63,                3,          -43.366,          133.406
            1543,               63,                4,          -39.073,          133.406
            1544,               63,                5,          -34.781,          133.406
            1545,               63,                6,          -30.262,          133.406
            1546,               63,                7,          -25.970,          133.406
            1547,               63,                8,          -21.677,          133.406
            1548,               63,                9,          -17.159,          133.406
            1549,               63,               10,          -12.866,          133.406
            1550,               63,               11,           -8.574,          133.406
            1551,               63,               12,           -4.055,          133.406
            1552,               63,               13,            0.237,          133.406
            1553,               63,               14,            4.530,          133.406
            1554,               63,               15,            9.048,          133.406
            1555,               63,               16,           13.341,          133.406
            1556,               63,               17,           17.634,          133.406
            1557,               63,               18,           22.152,          133.406
            1558,               63,               19,           26.445,          133.406
            1559,               63,               20,           30.737,          133.406
            1560,               64,                0,          -56.469,          137.698
            1561,               64,                1,          -52.177,          137.698
            1562,               64,                2,          -47.884,          137.698
            1563,               64,                3,          -43.366,          137.698
            1564,               64,                4,          -39.073,          137.698
            1565,               64,                5,          -34.781,          137.698
            1566,               64,                6,          -30.262,          137.698
            1567,               64,                7,          -25.970,          137.698
            1568,               64,                8,          -21.677,          137.698
            1569,               64,                9,          -17.159,          137.698
            1570,               64,               10,          -12.866,          137.698
            1571,               64,               11,           -8.574,          137.698
            1572,               64,               12,           -4.055,          137.698
            1573,               64,               13,            0.237,          137.698
            1574,               64,               14,            4.530,          137.698
            1575,               64,               15,            9.048,          137.698
            1576,               64,               16,           13.341,          137.698
            1577,               64,               17,           17.634,          137.698
            1578,               64,               18,           22.152,          137.698
            1579,               64,               19,           26.445,          137.698
            1580,               64,               20,           30.737,          137.698
            1581,               65,                0,          -56.469,          141.991
            1582,               65,                1,          -52.177,          141.991
            1583,               65,                2,          -47.884,          141.991
            1584,               65,                3,          -43.366,          141.991
            1585,               65,                4,          -39.073,          141.991
            1586,               65,                5,          -34.781,          141.991
            1587,               65,                6,          -30.262,          141.991
            1588,               65,                7,          -25.970,          141.991
            1589,               65,                8,          -21.677,          141.991
            1590,               65,                9,          -17.159,          141.991
            1591,               65,               10,          -12.866,          141.991
            1592,               65,               11,           -8.574,          141.991
            1593,               65,               12,           -4.055,          141.991
            1594,               65,               13,            0.237,          141.991
            1595,               65,               14,            4.530,          141.991
            1596,               65,               15,            9.048,          141.991
            1597,               65,               16,           13.341,          141.991
            1598,               65,               17,           17.634,          141.991
            1599,               65,               18,           22.152,          141.991
            1600,               65,               19,           26.445,          141.991
            1601,               65,               20,           30.737,          141.991
            1602,               66,                0,          -52.029,          146.446
            1603,               66,                1,          -47.737,          146.446
            1604,               66,                2,          -43.444,          146.446
            1605,               66,                3,          -38.926,          146.446
            1606,               66,                4,          -34.633,          146.446
            1607,               66,                5,          -30.341,          146.446
            1608,               66,                6,          -25.822,          146.446
            1609,               66,                7,          -21.530,          146.446
            1610,               66,                8,          -17.237,          146.446
            1611,               66,                9,          -12.719,          146.446
            1612,               66,               10,           -8.426,          146.446
            1613,               66,               11,           -4.134,          146.446
            1614,               66,               12,            0.385,          146.446
            1615,               66,               13,            4.677,          146.446
            1616,               66,               14,            8.970,          146.446
            1617,               66,               15,           13.488,          146.446
            1618,               66,               16,           17.781,          146.446
            1619,               66,               17,           22.074,          146.446
            1620,               67,                0,          -52.029,          150.739
            1621,               67,                1,          -47.737,          150.739
            1622,               67,                2,          -43.444,          150.739
            1623,               67,                3,          -38.926,          150.739
            1624,               67,                4,          -34.633,          150.739
            1625,               67,                5,          -30.341,          150.739
            1626,               67,                6,          -25.822,          150.739
            1627,               67,                7,          -21.530,          150.739
            1628,               67,                8,          -17.237,          150.739
            1629,               67,                9,          -12.719,          150.739
            1630,               67,               10,           -8.426,          150.739
            1631,               67,               11,           -4.134,          150.739
            1632,               67,               12,            0.385,          150.739
            1633,               67,               13,            4.677,          150.739
            1634,               67,               14,            8.970,          150.739
            1635,               67,               15,           13.488,          150.739
            1636,               67,               16,           17.781,          150.739
            1637,               67,               17,           22.074,          150.739
            1638,               68,                0,          -52.029,          155.031
            1639,               68,                1,          -47.737,          155.031
            1640,               68,                2,          -43.444,          155.031
            1641,               68,                3,          -38.926,          155.031
            1642,               68,                4,          -34.633,          155.031
            1643,               68,                5,          -30.341,          155.031
            1644,               68,                6,          -25.822,          155.031
            1645,               68,                7,          -21.530,          155.031
            1646,               68,                8,          -17.237,          155.031
            1647,               68,                9,          -12.719,          155.031
            1648,               68,               10,           -8.426,          155.031
            1649,               68,               11,           -4.134,          155.031
            1650,               68,               12,            0.385,          155.031
            1651,               68,               13,            4.677,          155.031
            1652,               68,               14,            8.970,          155.031
            1653,               68,               15,           13.488,          155.031
            1654,               68,               16,           17.781,          155.031
            1655,               68,               17,           22.074,          155.031
